File Name,Class,Microns Per Pixel,Magnification,The Number of Pyramid Levels in Tiff,Level[0] Downsampling Factor,Level[0] Image Width (Pixels),Level[0] Image Height (Pixels),Level[0] Tile Image Width (Pixels),Level[0] Tile Image Height (Pixels),Level[1] Downsampling Factor,Level[1] Image Width (Pixels),Level[1] Image Height (Pixels),Level[1] Tile Image Width (Pixels),Level[1] Tile Image Height (Pixels),Level[2] Downsampling Factor,Level[2] Image Width (Pixels),Level[2] Image Height (Pixels),Level[2] Tile Image Width (Pixels),Level[2] Tile Image Height (Pixels),Level[3] Downsampling Factor,Level[3] Image Width (Pixels),Level[03 Image Height (Pixels),Level[3] Tile Image Width (Pixels),Level[3] Tile Image Height (Pixels),Level[4] Downsampling Factor,Level[4] Image Width (Pixels),Level[4] Image Height (Pixels),Level[4] Tile Image Width (Pixels),Level[4] Tile Image Height (Pixels),Level[5] Downsampling Factor,Level[5] Image Width (Pixels),Level[5] Image Height (Pixels),Level[5] Tile Image Width (Pixels),Level[5] Tile Image Height (Pixels),Level[6] Downsampling Factor,Level[6] Image Width (Pixels),Level[6] Image Height (Pixels),Level[6] Tile Image Width (Pixels),Level[6] Tile Image Height (Pixels),Level[7] Downsampling Factor,Level[7] Image Width (Pixels),Level[7] Image Height (Pixels),Level[7] Tile Image Width (Pixels),Level[7] Tile Image Height (Pixels),Level[8] Downsampling Factor,Level[8] Image Width (Pixels),Level[8] Image Height (Pixels),Level[8] Tile Image Width (Pixels),Level[8] Tile Image Height (Pixels),Level[9] Downsampling Factor,Level[9] Image Width (Pixels),Level[9] Image Height (Pixels),Level[9] Tile Image Width (Pixels),Level[9] Tile Image Height (Pixels),Level[10] Downsampling Factor,Level[10] Image Width (Pixels),Level[10] Image Height (Pixels),Level[10] Tile Image Width (Pixels),Level[10] Tile Image Height (Pixels)
DHMC_0001.tif,solid,0.5028,20,9,1,39839,30468,240,240,2.000025102,19919,15234,240,240,4.000150618,9959,7617,240,240,8.001228162,4979,3808,240,240,16.00406368,2489,1904,240,240,32.01456065,1244,952,240,240,64.02912129,622,476,240,240,128.0582426,311,238,240,240,256.5297099,155,119,240,240,,,,,,,,,,
DHMC_0002.tif,solid,0.5038,20,8,1,49800,25855,512,512,2.000038679,24900,12927,512,512,4.00023209,12450,6463,512,512,8.001083256,6225,3231,512,512,16.00592931,3112,1615,512,512,32.02177763,1556,807,512,512,64.08330516,778,403,512,512,128.3262032,389,201,512,512,,,,,,,,,,,,,,,
DHMC_0003.tif,solid,0.5038,20,8,1,45816,26741,512,512,2.000037397,22908,13370,512,512,4.000074794,11454,6685,512,512,8.000748055,5727,3342,512,512,16.00289325,2863,1671,512,512,32.02096059,1431,835,512,512,64.10271,715,417,512,512,128.4493172,357,208,512,512,,,,,,,,,,,,,,,
DHMC_0004.tif,solid,0.5038,20,8,1,45816,26097,512,512,2.00003832,22908,13048,512,512,4.00007664,11454,6524,512,512,8.00015328,5727,3262,512,512,16.0017037,2863,1631,512,512,32.01881519,1431,815,512,512,64.0993574,715,407,512,512,128.4463924,357,203,512,512,,,,,,,,,,,,,,,
DHMC_0005.tif,lepidic,0.5038,20,8,1,31872,33269,512,512,2.000030059,15936,16634,512,512,4.000060118,7968,8317,512,512,8.000601251,3984,4158,512,512,16.0012025,1992,2079,512,512,32.01010587,996,1039,512,512,64.05105973,498,519,512,512,128.2258687,249,259,512,512,,,,,,,,,,,,,,,
DHMC_0006.tif,acinar,0.2519,40,10,1,100800,80727,240,240,2.000012388,50400,40363,240,240,4.000074327,25200,20181,240,240,8.000346878,12600,10090,240,240,16.00069376,6300,5045,240,240,32.00455987,3150,2522,240,240,64.00911975,1575,1261,240,240,128.1097084,787,630,240,240,256.38237,393,315,240,240,514.2352138,196,157,240,240,,,,,
DHMC_0007.tif,acinar,0.5038,20,9,1,47808,22631,240,240,2.000044189,23904,11315,240,240,4.000265158,11952,5657,240,240,8.001237624,5976,2828,240,240,16.00247525,2988,1414,240,240,32.0049505,1494,707,240,240,64.05524079,747,353,240,240,128.3784045,373,176,240,240,257.1013563,186,88,240,240,,,,,,,,,,
DHMC_0008.tif,solid,0.5038,20,7,1,27888,30609,512,512,2.000032671,13944,15304,512,512,4.000065342,6972,7652,512,512,8.000130685,3486,3826,512,512,16.00026137,1743,1913,512,512,32.01807606,871,956,512,512,64.07295484,435,478,512,512,,,,,,,,,,,,,,,,,,,,
DHMC_0009.tif,acinar,0.5038,20,8,1,43824,25532,512,512,2,21912,12766,512,512,4,10956,6383,512,512,8.000626763,5478,3191,512,512,16.00376176,2739,1595,512,512,32.02340955,1369,797,512,512,64.1104646,684,398,512,512,128.2209292,342,199,512,512,,,,,,,,,,,,,,,
DHMC_0010.tif,acinar,0.5038,20,8,1,43824,32222,512,512,2,21912,16111,512,512,4.000124146,10956,8055,512,512,8.000744971,5478,4027,512,512,16.0034774,2739,2013,512,512,32.02075422,1369,1006,512,512,64.06490879,684,503,512,512,128.2574264,342,251,512,512,,,,,,,,,,,,,,,
DHMC_0011.tif,acinar,0.5038,20,8,1,59760,33029,512,512,2.000030277,29880,16514,512,512,4.000060555,14940,8257,512,512,8.00060562,7470,4128,512,512,16.00121124,3735,2064,512,512,32.00670743,1867,1032,512,512,64.03056843,933,516,512,512,128.1298616,466,258,512,512,,,,,,,,,,,,,,,
DHMC_0012.tif,solid,0.5038,20,7,1,31872,27305,512,512,2.000036625,15936,13652,512,512,4.000073249,7968,6826,512,512,8.000146499,3984,3413,512,512,16.00263775,1992,1706,512,512,32.0052755,996,853,512,512,64.04812207,498,426,512,512,,,,,,,,,,,,,,,,,,,,
DHMC_0013.tif,solid,0.5038,20,8,1,41832,32786,512,512,2,20916,16393,512,512,4.000122011,10458,8196,512,512,8.000244021,5229,4098,512,512,16.00201826,2614,2049,512,512,32.01184951,1307,1024,512,512,64.048206,653,512,512,512,128.1946655,326,256,512,512,,,,,,,,,,,,,,,
DHMC_0014.tif,acinar,0.5028,20,9,1,43824,31590,240,240,2,21912,15795,240,240,4.00012663,10956,7897,240,240,8.000759878,5478,3948,240,240,16.00151976,2739,1974,240,240,32.0088832,1369,987,240,240,64.07362727,684,493,240,240,128.2774925,342,246,240,240,256.554985,171,123,240,240,,,,,,,,,,
DHMC_0015.tif,acinar,0.5028,20,9,1,37848,37927,240,240,2.000026367,18924,18963,240,240,4.000158211,9462,9481,240,240,8.000738397,4731,4740,240,240,16.00316813,2365,2370,240,240,32.01310587,1182,1185,240,240,64.05324376,591,592,240,240,128.2150309,295,296,240,240,256.8664506,147,148,240,240,,,,,,,,,,
DHMC_0016.tif,acinar,0.5038,20,8,1,49800,37381,512,512,2.000026752,24900,18690,512,512,4.000053505,12450,9345,512,512,8.000535103,6225,4672,512,512,16.00235555,3112,2336,512,512,32.00471111,1556,1168,512,512,64.00942221,778,584,512,512,128.0188444,389,292,512,512,,,,,,,,,,,,,,,
DHMC_0017.tif,solid,0.5038,20,8,1,41832,34721,512,512,2.000028802,20916,17360,512,512,4.000057604,10458,8680,512,512,8.000115207,5229,4340,512,512,16.00176064,2614,2170,512,512,32.00352127,1307,1085,512,512,64.06107068,653,542,512,512,128.2203948,326,271,512,512,,,,,,,,,,,,,,,
DHMC_0018.tif,lepidic,0.5028,20,9,1,31871,24059,240,240,2.000072944,15935,12029,240,240,4.000437695,7967,6014,240,240,8.001377571,3983,3007,240,240,16.0074263,1991,1503,240,240,32.03355392,995,751,240,240,64.14204695,497,375,240,240,128.5849254,248,187,240,240,257.8615591,124,93,240,240,,,,,,,,,,
DHMC_0019.tif,lepidic,0.2523,40,10,1,117528,79792,240,240,2,58764,39896,240,240,4,29382,19948,240,240,8,14691,9974,240,240,16.00054459,7345,4987,240,240,32.00647696,3672,2493,240,240,64.02579758,1836,1246,240,240,128.0515952,918,623,240,240,256.309102,459,311,240,240,514.0049021,229,155,240,240,,,,,
DHMC_0020.tif,micropapillary,0.2523,40,10,1,71712,73911,240,240,2.00001353,35856,36955,240,240,4.000081182,17928,18477,240,240,8.00037887,8964,9238,240,240,16.00075774,4482,4619,240,240,32.00498051,2241,2309,240,240,64.03811587,1120,1154,240,240,128.0762317,560,577,240,240,256.3748512,280,288,240,240,512.7497024,140,144,240,240,,,,,
DHMC_0021.tif,solid,0.2523,40,10,1,71712,77499,240,240,2.000012904,35856,38749,240,240,4.000077423,17928,19374,240,240,8.000154847,8964,9687,240,240,16.00113566,4482,4843,240,240,32.00557621,2241,2421,240,240,64.03866588,1120,1210,240,240,128.0773318,560,605,240,240,256.3667455,280,302,240,240,512.733491,140,151,240,240,,,,,
DHMC_0022.tif,solid,0.2523,40,11,1,127488,94064,240,240,2,63744,47032,240,240,4,31872,23516,240,240,8,15936,11758,240,240,16,7968,5879,240,240,32.00272201,3984,2939,240,240,64.01633764,1992,1469,240,240,128.0762943,996,734,240,240,256.1525886,498,367,240,240,513.0054645,249,183,240,240,1030.899681,124,91,240,240
DHMC_0023.tif,acinar,0.2523,40,10,1,81672,57537,240,240,2.00001738,40836,28768,240,240,4.000034761,20418,14384,240,240,8.000069522,10209,7192,240,240,16.00092274,5104,3596,240,240,32.00184548,2552,1798,240,240,64.00369097,1276,899,240,240,128.0786527,638,449,240,240,256.4433428,319,224,240,240,513.6917958,159,112,240,240,,,,,
DHMC_0024.tif,papillary,0.2523,40,10,1,77688,69474,240,240,2,38844,34737,240,240,4.000057577,19422,17368,240,240,8.000115154,9711,8684,240,240,16.0010542,4855,4342,240,240,32.00540499,2427,2171,240,240,64.03875147,1213,1085,240,240,128.1894158,606,542,240,240,256.3788316,303,271,240,240,514.5561442,151,135,240,240,,,,,
DHMC_0025.tif,solid,0.2523,40,11,1,163344,75716,240,240,2,81672,37858,240,240,4,40836,18929,240,240,8.000211327,20418,9464,240,240,16.00042265,10209,4732,240,240,32.00241271,5104,2366,240,240,64.00482541,2552,1183,240,240,128.0637992,1276,591,240,240,256.3447426,638,295,240,240,513.5624933,319,147,240,240,1032.263117,159,73,240,240
DHMC_0026.tif,acinar,0.5028,20,9,1,45815,24857,240,240,2.000062059,22907,12428,240,240,4.000211434,11453,6214,240,240,8.000772174,5726,3107,240,240,16.00412011,2863,1553,240,240,32.02414459,1431,776,240,240,64.07067803,715,388,240,240,128.2310997,357,194,240,240,256.8226862,178,97,240,240,,,,,,,,,,
DHMC_0027.tif,acinar,0.5028,20,9,1,47807,23298,240,240,2.000020918,23903,11649,240,240,4.000297216,11951,5824,240,240,8.000929181,5975,2912,240,240,16.00319769,2987,1456,240,240,32.01175541,1493,728,240,240,64.04497245,746,364,240,240,128.0899449,373,182,240,240,256.5244299,186,91,240,240,,,,,,,,,,
DHMC_0028.tif,solid,0.5038,20,8,1,41832,33512,512,512,2,20916,16756,512,512,4,10458,8378,512,512,8,5229,4189,512,512,16.00344044,2614,2094,512,512,32.00688088,1307,1047,512,512,64.06886879,653,523,512,512,128.3587429,326,261,512,512,,,,,,,,,,,,,,,
DHMC_0029.tif,solid,0.5038,20,8,1,55776,33351,512,512,2.000029985,27888,16675,512,512,4.000179921,13944,8337,512,512,8.000839731,6972,4168,512,512,16.00167946,3486,2084,512,512,32.00335893,1743,1042,512,512,64.02508754,871,521,512,512,128.2468833,435,260,512,512,,,,,,,,,,,,,,,
DHMC_0030.tif,solid,0.5038,20,8,1,43824,32383,512,512,2.000030881,21912,16191,512,512,4.0001853,10956,8095,512,512,8.000864838,5478,4047,512,512,16.00370737,2739,2023,512,512,32.02117504,1369,1011,512,512,64.09746396,684,505,512,512,128.3221596,342,252,512,512,,,,,,,,,,,,,,,
DHMC_0031.tif,solid,0.5028,20,9,1,41831,33724,240,240,2.000023906,20915,16862,240,240,4.000143445,10457,8431,240,240,8.001143968,5228,4215,240,240,16.00418659,2614,2107,240,240,32.01597323,1307,1053,240,240,64.0868964,653,526,240,240,128.2720439,326,263,240,240,257.0335082,163,131,240,240,,,,,,,,,,
DHMC_0032.tif,micropapillary,0.5028,20,9,1,41831,35035,240,240,2.00005245,20915,17517,240,240,4.000314717,10457,8758,240,240,8.001012016,5228,4379,240,240,16.00385151,2614,2189,240,240,32.01501792,1307,1094,240,240,64.05454225,653,547,240,240,128.3246421,326,273,240,240,257.121098,163,136,240,240,,,,,,,,,,
DHMC_0033.tif,micropapillary,0.5028,20,9,1,43824,31667,240,240,2.00003158,21912,15833,240,240,4.00018949,10956,7916,240,240,8.000378979,5478,3958,240,240,16.00075796,2739,1979,240,240,32.01544934,1369,989,240,240,64.08670715,684,494,240,240,128.1734143,342,247,240,240,256.8679932,171,123,240,240,,,,,,,,,,
DHMC_0034.tif,solid,0.5028,20,9,1,45815,32142,240,240,2.000021827,22907,16071,240,240,4.000255426,11453,8035,240,240,8.001358073,5726,4017,240,240,16.00470855,2863,2008,240,240,32.01500845,1431,1004,240,240,64.05240576,715,502,240,240,128.1945551,357,251,240,240,257.2618202,178,125,240,240,,,,,,,,,,
DHMC_0035.tif,lepidic,0.5028,20,9,1,45815,30351,240,240,2.000054776,22907,15175,240,240,4.000328677,11453,7587,240,240,8.001533999,5726,3793,240,240,16.00517819,2863,1896,240,240,32.01594773,1431,948,240,240,64.05428432,715,474,240,240,128.1983122,357,237,240,240,257.2997524,178,118,240,240,,,,,,,,,,
DHMC_0036.tif,acinar,0.5028,20,9,1,35855,37371,240,240,2.00005465,17927,18685,240,240,4.00032792,8963,9342,240,240,8.001102206,4481,4671,240,240,16.00570367,2240,2335,240,240,32.01826455,1120,1167,240,240,64.0639932,560,583,240,240,128.2381259,280,291,240,240,256.9190887,140,145,240,240,,,,,,,,,,
DHMC_0037.tif,lepidic,0.5024,20,9,1,55800,42272,240,240,2,27900,21136,240,240,4,13950,10568,240,240,8,6975,5284,240,240,16.00114712,3487,2642,240,240,32.00688468,1743,1321,240,240,64.05638938,871,660,240,240,128.1864159,435,330,240,240,256.6683983,217,165,240,240,,,,,,,,,,
DHMC_0038.tif,acinar,0.5024,20,9,1,41400,38514,240,240,2,20700,19257,240,240,4.000103864,10350,9628,240,240,8.000207727,5175,4814,240,240,16.00196165,2587,2407,240,240,32.01676204,1293,1203,240,240,64.08494099,646,601,240,240,128.2766873,323,300,240,240,256.9514286,161,150,240,240,,,,,,,,,,
DHMC_0039.tif,solid,0.5038,20,9,1,47808,30127,240,240,2.000033194,23904,15063,240,240,4.000199177,11952,7531,240,240,8.000929615,5976,3765,240,240,16.00398512,2988,1882,240,240,32.00797024,1494,941,240,240,64.05,747,470,240,240,128.1857909,373,235,240,240,257.2639923,186,117,240,240,,,,,,,,,,
DHMC_0040.tif,lepidic,0.5038,20,9,1,51792,23276,240,240,2,25896,11638,240,240,4,12948,5819,240,240,8.000687521,6474,2909,240,240,16.00412655,3237,1454,240,240,32.01319747,1618,727,240,240,64.07049481,809,363,240,240,128.3973524,404,181,240,240,257.5091309,202,90,240,240,,,,,,,,,,
DHMC_0041.tif,solid,0.5028,20,9,1,45815,37055,240,240,2.000048815,22907,18527,240,240,4.000292905,11453,9263,240,240,8.001367023,5726,4631,240,240,16.00446223,2863,2315,240,240,32.02143305,1431,1157,240,240,64.09295981,715,578,240,240,128.2756632,357,289,240,240,257.3570147,178,144,240,240,,,,,,,,,,
DHMC_0042.tif,solid,0.5028,20,9,1,45815,35496,240,240,2.000021827,22907,17748,240,240,4.00013097,11453,8874,240,240,8.000611247,5726,4437,240,240,16.00302592,2863,2218,240,240,32.01164319,1431,1109,240,240,64.07456262,715,554,240,240,128.2388688,357,277,240,240,257.3025159,178,138,240,240,,,,,,,,,,
DHMC_0043.tif,solid,0.5038,20,9,1,53783,24485,240,240,2.000059437,26891,12242,240,240,4.000193252,13445,6121,240,240,8.001337672,6722,3060,240,240,16.00267534,3361,1530,240,240,32.01011321,1680,765,240,240,64.0621198,840,382,240,240,128.1242396,420,191,240,240,256.923183,210,95,240,240,,,,,,,,,,
DHMC_0044.tif,acinar,0.5038,20,9,1,45816,40605,240,240,2.000024628,22908,20302,240,240,4.000049256,11454,10151,240,240,8.000492611,5727,5075,240,240,16.00395922,2863,2537,240,240,32.01982108,1431,1268,240,240,64.0620315,715,634,240,240,128.2138086,357,317,240,240,257.1934647,178,158,240,240,,,,,,,,,,
DHMC_0045.tif,solid,0.5038,20,9,1,49800,36736,240,240,2,24900,18368,240,240,4,12450,9184,240,240,8,6225,4592,240,240,16.00128535,3112,2296,240,240,32.00257069,1556,1148,240,240,64.00514139,778,574,240,240,128.0102828,389,287,240,240,256.7980679,194,143,240,240,,,,,,,,,,
DHMC_0046.tif,solid,0.5038,20,9,1,47808,39315,240,240,2.000025436,23904,19657,240,240,4.000152625,11952,9828,240,240,8.00030525,5976,4914,240,240,16.0006105,2988,2457,240,240,32.00773616,1494,1228,240,240,64.01547231,747,614,240,240,128.1167355,373,307,240,240,256.9965212,186,153,240,240,,,,,,,,,,
DHMC_0047.tif,solid,0.5038,20,9,1,51792,37461,256,256,2.000026695,25896,18730,256,256,4.00005339,12948,9365,256,256,8.00053396,6474,4682,256,256,16.00106792,3237,2341,256,256,32.01391873,1618,1170,256,256,64.02783747,809,585,256,256,128.2445578,404,292,256,256,256.4891157,202,146,256,256,,,,,,,,,,
DHMC_0048.tif,solid,0.5038,20,9,1,53783,40686,256,256,2.000018594,26891,20343,256,256,4.000209884,13445,10171,256,256,8.001110649,6722,5085,256,256,16.00379509,3361,2542,256,256,32.01235271,1680,1271,256,256,64.04991095,840,635,256,256,128.2008825,420,317,256,256,256.8079265,210,158,256,256,,,,,,,,,,
DHMC_0049.tif,solid,0.5038,20,9,1,57768,30369,256,256,2.000032929,28884,15184,256,256,4.000065859,14442,7592,256,256,8.000131718,7221,3796,256,256,16.00137147,3610,1898,256,256,32.00274294,1805,949,256,256,64.05698308,902,474,256,256,128.1139662,451,237,256,256,257.0555367,225,118,256,256,,,,,,,,,,
DHMC_0050.tif,acinar,0.5038,20,9,1,45816,21502,256,256,2,22908,10751,256,256,4.000186047,11454,5375,256,256,8.001116487,5727,2687,256,256,16.00660935,2863,1343,256,256,32.03074044,1431,671,256,256,64.13169815,715,335,256,256,128.5453127,357,167,256,256,258.2267497,178,83,256,256,,,,,,,,,,
DHMC_0051.tif,micropapillary,0.5038,20,9,1,57768,41089,256,256,2.000024338,28884,20544,256,256,4.000048676,14442,10272,256,256,8.000097352,7221,5136,256,256,16.00130274,3610,2568,256,256,32.00260547,1805,1284,256,256,64.02295177,902,642,256,256,128.0459035,451,321,256,256,256.7764583,225,160,256,256,,,,,,,,,,
DHMC_0052.tif,acinar,0.5038,20,9,1,51792,36736,256,256,2,25896,18368,256,256,4,12948,9184,256,256,8,6474,4592,256,256,16,3237,2296,256,256,32.00494438,1618,1148,256,256,64.00988875,809,574,256,256,128.0990099,404,287,256,256,256.6455722,202,143,256,256,,,,,,,,,,
DHMC_0053.tif,papillary,0.5038,20,9,1,57768,28837,256,256,2.000034679,28884,14418,256,256,4.000069358,14442,7209,256,256,8.000693674,7221,3604,256,256,16.00249538,3610,1802,256,256,32.00499076,1805,901,256,256,64.06328406,902,450,256,256,128.1265681,451,225,256,256,257.1099405,225,112,256,256,,,,,,,,,,
DHMC_0054.tif,lepidic,0.5038,20,9,1,53783,35285,256,256,2.000046935,26891,17642,256,256,4.000168249,13445,8821,256,256,8.001087572,6722,4410,256,256,16.00217514,3361,2205,256,256,32.01637337,1680,1102,256,256,64.03274674,840,551,256,256,128.1819264,420,275,256,256,256.8321342,210,137,256,256,,,,,,,,,,
DHMC_0055.tif,micropapillary,0.5038,20,9,1,43824,30691,256,256,2.000032584,21912,15345,256,256,4.000195516,10956,7672,256,256,8.000391032,5478,3836,256,256,16.00078206,2739,1918,256,256,32.00740781,1369,959,256,256,64.07162217,684,479,256,256,128.2772884,342,239,256,256,257.0941324,171,119,256,256,,,,,,,,,,
DHMC_0056.tif,acinar,0.5028,20,9,1,47807,32947,240,240,2.000051271,23903,16473,240,240,4.00030764,11951,8236,240,240,8.000950029,5975,4118,240,240,16.00323939,2987,2059,240,240,32.01961405,1493,1029,240,240,64.0918361,746,514,240,240,128.1836722,373,257,240,240,257.2126596,186,128,240,240,,,,,,,,,,
DHMC_0057.tif,solid,0.5028,20,9,1,47807,36067,240,240,2.000048645,23903,18033,240,240,4.000291883,11951,9016,240,240,8.000918516,5975,4508,240,240,16.00317636,2987,2254,240,240,32.01171275,1493,1127,240,240,64.07330868,746,563,240,240,128.260607,373,281,240,240,257.3241551,186,140,240,240,,,,,,,,,,
DHMC_0058.tif,acinar,0.5038,20,9,1,35856,35123,256,256,2.000028472,17928,17561,256,256,4.000170843,8964,8780,256,256,8.000341686,4482,4390,256,256,16.00068337,2241,2195,256,256,32.01580284,1120,1097,256,256,64.06081856,560,548,256,256,128.1216371,280,274,256,256,256.2432742,140,137,256,256,,,,,,,,,,
DHMC_0059.tif,acinar,0.5028,20,9,1,49800,32199,240,240,2.000031058,24900,16099,240,240,4.000186359,12450,8049,240,240,8.000869781,6225,4024,240,240,16.00302491,3112,2012,240,240,32.00604982,1556,1006,240,240,64.01209964,778,503,240,240,128.151717,389,251,240,240,257.1465155,194,125,240,240,,,,,,,,,,
DHMC_0060.tif,acinar,0.5028,20,9,1,43824,33957,240,240,2.00002945,21912,16978,240,240,4.0000589,10956,8489,240,240,8.000589067,5478,4244,240,240,16.00117813,2739,2122,240,240,32.00819995,1369,1061,240,240,64.06999338,684,530,240,240,128.1399868,342,265,240,240,256.7653509,171,132,240,240,,,,,,,,,,
DHMC_0061.tif,acinar,0.5028,20,9,1,55776,38376,240,240,2,27888,19188,240,240,4,13944,9594,240,240,8,6972,4797,240,240,16.00166806,3486,2398,240,240,32.00333611,1743,1199,240,240,64.05175867,871,599,240,240,128.2842579,435,299,240,240,257.2946525,217,149,240,240,,,,,,,,,,
DHMC_0062.tif,micropapillary,0.5028,20,9,1,41831,42080,240,240,2.000023906,20915,21040,240,240,4.000143445,10457,10520,240,240,8.000669472,5228,5260,240,240,16.00133894,2614,2630,240,240,32.00267789,1307,1315,240,240,64.05421529,653,657,240,240,128.3043169,326,328,240,240,256.6086338,163,164,240,240,,,,,,,,,,
DHMC_0063.tif,acinar,0.5024,20,10,1,72000,28184,240,240,2,36000,14092,240,240,4,18000,7046,240,240,8,9000,3523,240,240,16.00227144,4500,1761,240,240,32.01363636,2250,880,240,240,64.02727273,1125,440,240,240,128.111485,562,220,240,240,256.2229699,281,110,240,240,513.361039,140,55,240,240,,,,,
DHMC_0064.tif,solid,0.5028,20,9,1,49800,41203,240,240,2.000024271,24900,20601,240,240,4.000145631,12450,10300,240,240,8.000291262,6225,5150,240,240,16.00186787,3112,2575,240,240,32.0099522,1556,1287,240,240,64.04479924,778,643,240,240,128.1894105,389,321,240,240,257.1098905,194,160,240,240,,,,,,,,,,
DHMC_0065.tif,lepidic,0.5028,20,9,1,43824,34613,240,240,2.000028892,21912,17306,240,240,4.000057783,10956,8653,240,240,8.000577901,5478,4326,240,240,16.0011558,2739,2163,240,240,32.01555691,1369,1081,240,240,64.08416179,684,540,240,240,128.1683236,342,270,240,240,256.3366472,171,135,240,240,,,,,,,,,,
DHMC_0066.tif,acinar,0.2526,40,10,1,83664,71769,256,256,2.000013934,41832,35884,256,256,4.000027868,20916,17942,256,256,8.000055735,10458,8971,256,256,16.00100334,5229,4485,256,256,32.00863582,2614,2242,256,256,64.01727165,1307,1121,256,256,128.14072,653,560,256,256,256.477947,326,280,256,256,512.955894,163,140,256,256,,,,,
DHMC_0067.tif,solid,0.5038,20,9,1,41832,34962,256,256,2,20916,17481,256,256,4.000114416,10458,8740,256,256,8.000228833,5229,4370,256,256,16.00198789,2614,2185,256,256,32.0113022,1307,1092,256,256,64.04711139,653,546,256,256,128.1924762,326,273,256,256,256.8557831,163,136,256,256,,,,,,,,,,
DHMC_0068.tif,acinar,0.5038,20,9,1,49800,33834,256,256,2,24900,16917,256,256,4.000118231,12450,8458,256,256,8.000236463,6225,4229,256,256,16.00365053,3112,2114,256,256,32.00730106,1556,1057,256,256,64.04491412,778,528,256,256,128.0898282,389,264,256,256,256.5096064,194,132,256,256,,,,,,,,,,
DHMC_0069.tif,acinar,0.5028,20,9,1,47807,36877,240,240,2.000048036,23903,18438,240,240,4.000179748,11951,9219,240,240,8.001128191,5975,4609,240,240,16.00533206,2987,2304,240,240,32.01602414,1493,1152,240,240,64.05350992,746,576,240,240,128.1070198,373,288,240,240,256.5585797,186,144,240,240,,,,,,,,,,
DHMC_0070.tif,acinar,0.5028,20,9,1,43824,39611,240,240,2.000025246,21912,19805,240,240,4.000151485,10956,9902,240,240,8.000302969,5478,4951,240,240,16.00222222,2739,2475,240,240,32.01675718,1369,1237,240,240,64.08282235,684,618,240,240,128.1656447,342,309,240,240,256.7474937,171,154,240,240,,,,,,,,,,
DHMC_0071.tif,solid,0.5028,20,9,1,43824,32085,240,240,2.000031168,21912,16042,240,240,4.000062336,10956,8021,240,240,8.000623441,5478,4010,240,240,16.00124688,2739,2005,240,240,32.01632272,1369,1002,240,240,64.0560458,684,501,240,240,128.2401754,342,250,240,240,256.4803509,171,125,240,240,,,,,,,,,,
DHMC_0072.tif,solid,0.5028,20,9,1,49800,39975,240,240,2.000025016,24900,19987,240,240,4.000150105,12450,9993,240,240,8.00070056,6225,4996,240,240,16.00268647,3112,2498,240,240,32.00537294,1556,1249,240,240,64.03639139,778,624,240,240,128.0727828,389,312,240,240,256.4755155,194,156,240,240,,,,,,,,,,
DHMC_0073.tif,solid,0.5028,20,9,1,45815,30588,240,240,2.000021827,22907,15294,240,240,4.00013097,11453,7647,240,240,8.001134396,5726,3823,240,240,16.00436221,2863,1911,240,240,32.02269602,1431,955,240,240,64.10135462,715,477,240,240,128.4271709,357,238,240,240,257.2148286,178,119,240,240,,,,,,,,,,
DHMC_0074.tif,solid,0.5028,20,9,1,45815,34690,240,240,2.000021827,22907,17345,240,240,4.000246284,11453,8672,240,240,8.000841874,5726,4336,240,240,16.00168375,2863,2168,240,240,32.00895885,1431,1084,240,240,64.04030656,715,542,240,240,128.1703567,357,271,240,240,257.1753017,178,135,240,240,,,,,,,,,,
DHMC_0075.tif,solid,0.5028,20,9,1,35855,25173,240,240,2.000067618,17927,12586,240,240,4.000246808,8963,6293,240,240,8.001575736,4481,3146,240,240,16.00493753,2240,1573,240,240,32.02005521,1120,786,240,240,64.04011041,560,393,240,240,128.2436224,280,196,240,240,256.4872449,140,98,240,240,,,,,,,,,,
DHMC_0076.tif,acinar,0.5028,20,9,1,51791,32189,240,240,2.000050376,25895,16094,240,240,4.000177992,12947,8047,240,240,8.001162134,6473,4023,240,240,16.0055499,3236,2011,240,240,32.01906321,1618,1005,240,240,64.07002768,809,502,240,240,128.2192862,404,251,240,240,256.9515446,202,125,240,240,,,,,,,,,,
DHMC_0077.tif,solid,0.5028,20,9,1,49800,34493,240,240,2.000028992,24900,17246,240,240,4.000057984,12450,8623,240,240,8.000579912,6225,4311,240,240,16.00430159,3112,2155,240,240,32.01603402,1556,1077,240,240,64.06183284,778,538,240,240,128.1236657,389,269,240,240,257.0557393,194,134,240,240,,,,,,,,,,
DHMC_0078.tif,solid,0.5028,20,9,1,41831,31363,240,240,2.000055792,20915,15681,240,240,4.000334771,10457,7840,240,240,8.001052125,5228,3920,240,240,16.00210425,2614,1960,240,240,32.0042085,1307,980,240,240,64.0329234,653,490,240,240,128.1640979,326,245,240,240,256.8528362,163,122,240,240,,,,,,,,,,
DHMC_0079.tif,solid,0.5038,20,9,1,53783,36978,256,256,2.000018594,26891,18489,256,256,4.000219744,13445,9244,256,256,8.000737035,6722,4622,256,256,16.00147407,3361,2311,256,256,32.01463745,1680,1155,256,256,64.05701803,840,577,256,256,128.2252976,420,288,256,256,256.4505952,210,144,256,256,,,,,,,,,,
DHMC_0080.tif,acinar,0.5038,20,9,1,49800,35608,256,256,2,24900,17804,256,256,4,12450,8902,256,256,8,6225,4451,256,256,16.0030831,3112,2225,256,256,32.01336206,1556,1112,256,256,64.02672412,778,556,256,256,128.0534482,389,278,256,256,256.4368464,194,139,256,256,,,,,,,,,,
DHMC_0081.tif,acinar,0.5038,20,9,1,43824,29562,256,256,2,21912,14781,256,256,4.000135318,10956,7390,256,256,8.000270636,5478,3695,256,256,16.00270709,2739,1847,256,256,32.01992819,1369,923,256,256,64.09799444,684,461,256,256,128.3353928,342,230,256,256,256.6707857,171,115,256,256,,,,,,,,,,
DHMC_0082.tif,acinar,0.5028,20,9,1,49800,33022,240,240,2,24900,16511,240,240,4.000121139,12450,8255,240,240,8.00072692,6225,4127,240,240,16.00467846,3112,2063,240,240,32.01711968,1556,1031,240,240,64.06533556,778,515,240,240,128.255419,389,257,240,240,257.342703,194,128,240,240,,,,,,,,,,
DHMC_0083.tif,acinar,0.5028,20,9,1,35855,30821,240,240,2.000060337,17927,15410,240,240,4.000232248,8963,7705,240,240,8.001430089,4481,3852,240,240,16.00464624,2240,1926,240,240,32.00929248,1120,963,240,240,64.0518544,560,481,240,240,128.2372024,280,240,240,240,256.4744048,140,120,240,240,,,,,,,,,,
DHMC_0084.tif,lepidic,0.5028,20,8,1,29879,28574,240,240,2.000033469,14939,14287,240,240,4.000340827,7469,7143,240,240,8.001777433,3734,3571,240,240,16.00579623,1867,1785,240,240,32.02914197,933,892,240,240,64.09264516,466,446,240,240,128.1852903,233,223,240,240,,,,,,,,,,,,,,,
DHMC_0085.tif,acinar,0.5028,20,9,1,35855,20512,240,240,2.000027891,17927,10256,240,240,4.000167355,8963,5128,240,240,8.000781076,4481,2564,240,240,16.00334821,2240,1282,240,240,32.00669643,1120,641,240,240,64.06339286,560,320,240,240,128.1267857,280,160,240,240,256.2535714,140,80,240,240,,,,,,,,,,
DHMC_0086.tif,acinar,0.5028,20,9,1,37848,30567,240,240,2.000032716,18924,15283,240,240,4.000196309,9462,7641,240,240,8.00091623,4731,3820,240,240,16.00352379,2365,1910,240,240,32.01381721,1182,955,240,240,64.06118507,591,477,240,240,128.3655391,295,238,240,240,257.167467,147,119,240,240,,,,,,,,,,
DHMC_0087.tif,acinar,0.5028,20,9,1,47807,35736,240,240,2.000020918,23903,17868,240,240,4.000125513,11951,8934,240,240,8.000585774,5975,4467,240,240,16.00430219,2987,2233,240,240,32.02113447,1493,1116,240,240,64.06373058,746,558,240,240,128.1274612,373,279,240,240,257.0602035,186,139,240,240,,,,,,,,,,
DHMC_0088.tif,acinar,0.5038,20,9,1,51792,34963,256,256,2.000028602,25896,17481,256,256,4.000171625,12948,8740,256,256,8.000343249,6474,4370,256,256,16.0006865,3237,2185,256,256,32.01364401,1618,1092,256,256,64.02728802,809,546,256,256,128.1338084,404,273,256,256,256.738461,202,136,256,256,,,,,,,,,,
DHMC_0089.tif,lepidic,0.5038,20,9,1,37848,42700,256,256,2,18924,21350,256,256,4,9462,10675,256,256,8.000374742,4731,5337,256,256,16.00394021,2365,2668,256,256,32.01465004,1182,1334,256,256,64.02930007,591,667,256,256,128.2632667,295,333,256,256,257.3491517,147,166,256,256,,,,,,,,,,
DHMC_0090.tif,lepidic,0.2526,40,10,1,113544,83989,240,240,2.000011906,56772,41994,240,240,4.000023813,28386,20997,240,240,8.000238141,14193,10498,240,240,16.00103998,7096,5249,240,240,32.00512892,3548,2624,240,240,64.01025784,1774,1312,240,240,128.0205157,887,656,240,240,256.1855111,443,328,240,240,512.9509022,221,164,240,240,,,,,
DHMC_0091.tif,acinar,0.2523,40,10,1,79679,52009,240,240,2.000031778,39839,26004,240,240,4.000113761,19919,13002,240,240,8.000428352,9959,6501,240,240,16.00289094,4979,3250,240,240,32.00899663,2489,1625,240,240,64.05056785,1244,812,240,240,128.1011357,622,406,240,240,256.2022714,311,203,240,240,514.4993293,155,101,240,240,,,,,
DHMC_0092.tif,acinar,0.2523,40,10,1,93624,81260,240,240,2,46812,40630,240,240,4,23406,20315,240,240,8.000196909,11703,10157,240,240,16.00186521,5851,5078,240,240,32.0064657,2925,2539,240,240,64.03648833,1462,1269,240,240,128.1234772,731,634,240,240,256.4224018,365,317,240,240,514.3606899,182,158,240,240,,,,,
DHMC_0093.tif,acinar,0.2523,40,10,1,91632,69039,240,240,2.000014485,45816,34519,240,240,4.000086911,22908,17259,240,240,8.000405609,11454,8629,240,240,16.00173853,5727,4314,240,240,32.00627132,2863,2157,240,240,64.03857112,1431,1078,240,240,128.1219209,715,539,240,240,256.6614133,357,269,240,240,515.0014674,178,134,240,240,,,,,
DHMC_0094.tif,solid,0.5028,20,9,1,47807,39820,240,240,2.000020918,23903,19910,240,240,4.000125513,11951,9955,240,240,8.000987623,5975,4977,240,240,16.00492246,2987,2488,240,240,32.01520493,1493,1244,240,240,64.0518715,746,622,240,240,128.103743,373,311,240,240,256.9650538,186,155,240,240,,,,,,,,,,
DHMC_0095.tif,acinar,0.5028,20,9,1,53783,27841,240,240,2.000054513,26891,13920,240,240,4.000183405,13445,6960,240,240,8.000664357,6722,3480,240,240,16.00132871,3361,1740,240,240,32.00741995,1680,870,240,240,64.0148399,840,435,240,240,128.1771505,420,217,240,240,256.9482804,210,108,240,240,,,,,,,,,,
DHMC_0096.tif,lepidic,0.5038,20,9,1,41832,30046,256,256,2,20916,15023,256,256,4.000133138,10458,7511,256,256,8.000798935,5229,3755,256,256,16.00525958,2614,1877,256,256,32.01905191,1307,938,256,256,64.06261081,653,469,256,256,128.3603639,326,234,256,256,256.7207278,163,117,256,256,,,,,,,,,,
DHMC_0097.tif,acinar,0.5038,20,9,1,55776,39235,256,256,2.000025488,27888,19617,256,256,4.000152936,13944,9808,256,256,8.000305873,6972,4904,256,256,16.00061175,3486,2452,256,256,32.00122349,1743,1226,256,256,64.02081667,871,613,256,256,128.219822,435,306,256,256,256.7350833,217,153,256,256,,,,,,,,,,
DHMC_0098.tif,papillary,0.5038,20,9,1,47808,25935,256,256,2.000038559,23904,12967,256,256,4.000231374,11952,6483,256,256,8.001079914,5976,3241,256,256,16.00462963,2988,1620,256,256,32.00925926,1494,810,256,256,64.01851852,747,405,256,256,128.2813354,373,202,256,256,256.9072181,186,101,256,256,,,,,,,,,,
DHMC_0099.tif,acinar,0.5038,20,9,1,51792,36897,256,256,2.000027103,25896,18448,256,256,4.000054206,12948,9224,256,256,8.000108413,6474,4612,256,256,16.00021683,3237,2306,256,256,32.00537803,1618,1153,256,256,64.03853458,809,576,256,256,128.1563016,404,288,256,256,256.3126031,202,144,256,256,,,,,,,,,,
DHMC_0100.tif,acinar,0.5038,20,7,1,27888,22630,512,512,2,13944,11315,512,512,4.000176772,6972,5657,512,512,8.00106082,3486,2828,512,512,16.00212164,1743,1414,512,512,32.01342813,871,707,512,512,64.10899678,435,353,512,512,,,,,,,,,,,,,,,,,,,,
DHMC_0101.tif,acinar,0.5038,20,8,1,47808,40524,512,512,2,23904,20262,512,512,4,11952,10131,512,512,8.000394867,5976,5065,512,512,16.00236967,2988,2532,512,512,32.00473934,1494,1266,512,512,64.00947867,747,633,512,512,128.206044,373,316,512,512,,,,,,,,,,,,,,,
DHMC_0102.tif,lepidic,0.5038,20,8,1,61752,32303,512,512,2.000030958,30876,16151,512,512,4.000185759,15438,8075,512,512,8.00086698,7719,4037,512,512,16.00475309,3859,2018,512,512,32.01365394,1929,1009,512,512,64.07567263,964,504,512,512,128.1513453,482,252,512,512,,,,,,,,,,,,,,,
DHMC_0103.tif,solid,0.5028,20,9,1,49800,37524,240,240,2,24900,18762,240,240,4,12450,9381,240,240,8.000426439,6225,4690,240,240,16.00213823,3112,2345,240,240,32.01110312,1556,1172,240,240,64.02220623,778,586,240,240,128.0444125,389,293,240,240,256.8573648,194,146,240,240,,,,,,,,,,
DHMC_0104.tif,solid,0.5038,20,8,1,47808,23920,512,512,2,23904,11960,512,512,4,11952,5980,512,512,8,5976,2990,512,512,16,2988,1495,512,512,32.0107095,1494,747,512,512,64.06434316,747,373,512,512,128.3868662,373,186,512,512,,,,,,,,,,,,,,,
DHMC_0105.tif,acinar,0.5038,20,8,1,35856,29643,512,512,2.000033736,17928,14821,512,512,4.000202429,8964,7410,512,512,8.000404858,4482,3705,512,512,16.00296976,2241,1852,512,512,32.01308238,1120,926,512,512,64.02616476,560,463,512,512,128.1909091,280,231,512,512,,,,,,,,,,,,,,,
DHMC_0106.tif,lepidic,0.5038,20,8,1,39840,31416,512,512,2,19920,15708,512,512,4,9960,7854,512,512,8,4980,3927,512,512,16.0020377,2490,1963,512,512,32.01223242,1245,981,512,512,64.08286633,622,490,512,512,128.1657327,311,245,512,512,,,,,,,,,,,,,,,
DHMC_0107.tif,solid,0.5028,20,9,1,49800,39563,240,240,2.000025277,24900,19781,240,240,4.000151668,12450,9890,240,240,8.000303337,6225,4945,240,240,16.00351027,3112,2472,240,240,32.00702053,1556,1236,240,240,64.01404106,778,618,240,240,128.0280821,389,309,240,240,256.8018142,194,154,240,240,,,,,,,,,,
DHMC_0108.tif,micropapillary,0.5028,20,9,1,41831,39862,240,240,2.000023906,20915,19931,240,240,4.000243796,10457,9965,240,240,8.00127164,5228,4982,240,240,16.00254328,2614,2491,240,240,32.01151323,1307,1245,240,240,64.07327053,653,622,240,240,128.2447922,326,311,240,240,256.9030477,163,155,240,240,,,,,,,,,,
DHMC_0109.tif,lepidic,0.5028,20,9,1,49800,31469,240,240,2.000031778,24900,15734,240,240,4.000063557,12450,7867,240,240,8.000635647,6225,3933,240,240,16.00459155,3112,1966,240,240,32.00918311,1556,983,240,240,64.05096624,778,491,240,240,128.2327318,389,245,240,240,257.3218269,194,122,240,240,,,,,,,,,,
DHMC_0110.tif,acinar,0.5028,20,9,1,49800,31712,240,240,2,24900,15856,240,240,4,12450,7928,240,240,8,6225,3964,240,240,16.00128535,3112,1982,240,240,32.00257069,1556,991,240,240,64.03746462,778,495,240,240,128.2046148,389,247,240,240,257.2610846,194,123,240,240,,,,,,,,,,
DHMC_0111.tif,lepidic,0.5028,20,9,1,35855,33286,240,240,2.000027891,17927,16643,240,240,4.000287533,8963,8321,240,240,8.001502229,4481,4160,240,240,16.00479052,2240,2080,240,240,32.00958104,1120,1040,240,240,64.01916209,560,520,240,240,128.0383242,280,260,240,240,256.0766484,140,130,240,240,,,,,,,,,,
DHMC_0112.tif,acinar,0.5028,20,8,1,29879,22194,240,240,2.000033469,14939,11097,240,240,4.000381075,7469,5548,240,240,8.001297823,3734,2774,240,240,16.00259565,1867,1387,240,240,32.02531284,933,693,240,240,64.13126721,466,346,240,240,128.2625344,233,173,240,240,,,,,,,,,,,,,,,
DHMC_0113.tif,acinar,0.5028,20,10,1,85655,35306,240,240,2.000011675,42827,17653,240,240,4.000183353,21413,8826,240,240,8.000553523,10706,4413,240,240,16.00292038,5353,2206,240,240,32.00883055,2676,1103,240,240,64.04670744,1338,551,240,240,128.2099171,669,275,240,240,257.0800625,334,137,240,240,516.055037,167,68,240,240,,,,,
DHMC_0114.tif,lepidic,0.5028,20,9,1,39839,37020,240,240,2.000025102,19919,18510,240,240,4.000150618,9959,9255,240,240,8.001135198,4979,4627,240,240,16.00560729,2489,2313,240,240,32.02457053,1244,1156,240,240,64.04914107,622,578,240,240,128.0982821,311,289,240,240,257.0545699,155,144,240,240,,,,,,,,,,
DHMC_0115.tif,solid,0.5028,20,9,1,55776,35753,240,240,2.00002797,27888,17876,240,240,4.000055941,13944,8938,240,240,8.000111882,6972,4469,240,240,16.00201432,3486,2234,240,240,32.00402865,1743,1117,240,240,64.05510804,871,558,240,240,128.1838215,435,279,240,240,257.1240427,217,139,240,240,,,,,,,,,,
DHMC_0116.tif,solid,0.5028,20,9,1,35855,27314,240,240,2.000027891,17927,13657,240,240,4.00031381,8963,6828,240,240,8.001073987,4481,3414,240,240,16.00393404,2240,1707,240,240,32.01724743,1120,853,240,240,64.0720783,560,426,240,240,128.1441566,280,213,240,240,256.8931941,140,106,240,240,,,,,,,,,,
DHMC_0117.tif,lepidic,0.5028,20,9,1,53783,34468,240,240,2.000018594,26891,17234,240,240,4.000111566,13445,8617,240,240,8.000984931,6722,4308,240,240,16.00196986,3361,2154,240,240,32.00870225,1680,1077,240,240,64.04714773,840,538,240,240,128.0942955,420,269,240,240,256.6667022,210,134,240,240,,,,,,,,,,
DHMC_0118.tif,acinar,0.5028,20,9,1,47807,30334,240,240,2.000020918,23903,15167,240,240,4.000257386,11951,7583,240,240,8.001377122,5975,3791,240,240,16.00620481,2987,1895,240,240,32.02622127,1493,947,240,240,64.10776431,746,473,240,240,128.3513996,373,236,240,240,257.0473392,186,118,240,240,,,,,,,,,,
DHMC_0119.tif,solid,0.5028,20,9,1,47807,43178,240,240,2.000020918,23903,21589,240,240,4.000218157,11951,10794,240,240,8.000771062,5975,5397,240,240,16.00436411,2987,2698,240,240,32.01408823,1493,1349,240,240,64.07338247,746,674,240,240,128.1467649,373,337,240,240,257.0193932,186,168,240,240,,,,,,,,,,
DHMC_0120.tif,acinar,0.5028,20,9,1,47807,34420,240,240,2.000020918,23903,17210,240,240,4.000125513,11951,8605,240,240,8.001050674,5975,4302,240,240,16.00344068,2987,2151,240,240,32.01968411,1493,1075,240,240,64.09064233,746,537,240,240,128.3008683,373,268,240,240,256.9462767,186,134,240,240,,,,,,,,,,
DHMC_0121.tif,acinar,0.5028,20,9,1,41831,23507,240,240,2.000066449,20915,11753,240,240,4.00039872,10457,5876,240,240,8.001180023,5228,2938,240,240,16.00236005,2614,1469,240,240,32.01562067,1307,734,240,240,64.05574773,653,367,240,240,128.3847514,326,183,240,240,257.4752916,163,91,240,240,,,,,,,,,,
DHMC_0122.tif,solid,0.5028,20,9,1,33864,34040,240,240,2,16932,17020,240,240,4,8466,8510,240,240,8,4233,4255,240,240,16.00377094,2116,2127,240,240,32.01506952,1058,1063,240,240,64.06029213,529,531,240,240,128.3627787,264,265,240,240,257.2121212,132,132,240,240,,,,,,,,,,
DHMC_0123.tif,acinar,0.5028,20,9,1,35855,42618,240,240,2.000027891,17927,21309,240,240,4.000261216,8963,10654,240,240,8.000968799,4481,5327,240,240,16.0052258,2240,2663,240,240,32.01646352,1120,1331,240,240,64.05700188,560,665,240,240,128.2105207,280,332,240,240,256.4210413,140,166,240,240,,,,,,,,,,
DHMC_0124.tif,lepidic,0.5028,20,9,1,39839,33015,240,240,2.000055392,19919,16507,240,240,4.00033237,9959,8253,240,240,8.001551232,4979,4126,240,240,16.00470982,2489,2063,240,240,32.02361403,1244,1031,240,240,64.07831767,622,515,240,240,128.2813567,311,257,240,240,257.477747,155,128,240,240,,,,,,,,,,
DHMC_0125.tif,solid,0.5028,20,9,1,35855,25841,240,240,2.000066591,17927,12920,240,240,4.000244754,8963,6460,240,240,8.000935874,4481,3230,240,240,16.00365781,2240,1615,240,240,32.01722927,1120,807,240,240,64.0741869,560,403,240,240,128.3078802,280,201,240,240,257.2585714,140,100,240,240,,,,,,,,,,
DHMC_0126.tif,solid,0.5028,20,8,1,29879,28741,240,240,2.000068264,14939,14370,240,240,4.00027042,7469,7185,240,240,8.001633324,3734,3592,240,240,16.00326665,1867,1796,240,240,32.0151098,933,898,240,240,64.0645808,466,449,240,240,128.2720436,233,224,240,240,,,,,,,,,,,,,,,
DHMC_0127.tif,acinar,0.5028,20,9,1,49800,36293,240,240,2.000027554,24900,18146,240,240,4.000055109,12450,9073,240,240,8.000551146,6225,4536,240,240,16.00238764,3112,2268,240,240,32.00477528,1556,1134,240,240,64.00955056,778,567,240,240,128.1321909,389,283,240,240,257.049097,194,141,240,240,,,,,,,,,,
DHMC_0128.tif,solid,0.5028,20,9,1,33864,33459,240,240,2.000029888,16932,16729,240,240,4.00017934,8466,8364,240,240,8.00035868,4233,4182,240,240,16.00260772,2116,2091,240,240,32.01287163,1058,1045,240,240,64.05641201,529,522,240,240,128.2340648,264,261,240,240,256.9611888,132,130,240,240,,,,,,,,,,
DHMC_0129.tif,solid,0.5028,20,9,1,33864,40823,240,240,2.000024497,16932,20411,240,240,4.000146987,8466,10205,240,240,8.000686005,4233,5102,240,240,16.00326237,2116,2551,240,240,32.01280033,1058,1275,240,240,64.05073255,529,637,240,240,128.3234706,264,318,240,240,256.6469411,132,159,240,240,,,,,,,,,,
DHMC_0130.tif,acinar,0.5028,20,9,1,59759,40228,240,240,2.000016734,29879,20114,240,240,4.000100408,14939,10057,240,240,8.000866376,7469,5028,240,240,16.00280411,3734,2514,240,240,32.00560823,1867,1257,240,240,64.05384999,933,628,240,240,128.1764236,466,314,240,240,256.3528471,233,157,240,240,,,,,,,,,,
DHMC_0131.tif,acinar,0.5028,20,9,1,49800,29671,240,240,2.000033704,24900,14835,240,240,4.000202238,12450,7417,240,240,8.000943905,6225,3708,240,240,16.00317316,3112,1854,240,240,32.00634631,1556,927,240,240,64.04725802,778,463,240,240,128.2332265,389,231,240,240,257.3548633,194,115,240,240,,,,,,,,,,
DHMC_0132.tif,solid,0.5028,20,9,1,55776,42145,240,240,2.000023728,27888,21072,240,240,4.000047456,13944,10536,240,240,8.000094913,6972,5268,240,240,16.00018983,3486,2634,240,240,32.00037965,1743,1317,240,240,64.04344568,871,658,240,240,128.1604968,435,329,240,240,257.0069827,217,164,240,240,,,,,,,,,,
DHMC_0133.tif,acinar,0.5028,20,8,1,23903,21985,240,240,2.000087325,11951,10992,240,240,4.000342021,5975,5496,240,240,8.001353695,2987,2748,240,240,16.00538734,1493,1374,240,240,32.02150528,746,687,240,240,64.08965992,373,343,240,240,128.5390021,186,171,240,240,,,,,,,,,,,,,,,
DHMC_0134.tif,acinar,0.5028,20,9,1,57767,42534,240,240,2.000017311,28883,21267,240,240,4.000197918,14441,10633,240,240,8.001049099,7220,5316,240,240,16.0020982,3610,2658,240,240,32.00419639,1805,1329,240,240,64.05023308,902,664,240,240,128.1004662,451,332,240,240,256.4855689,225,166,240,240,,,,,,,,,,
DHMC_0135.tif,papillary,0.5028,20,9,1,51791,45119,240,240,2.000041473,25895,22559,240,240,4.000248847,12947,11279,240,240,8.001161385,6473,5639,240,240,16.00497819,3236,2819,240,240,32.01563606,1618,1409,240,240,64.05401502,809,704,240,240,128.1872609,404,352,240,240,256.3745218,202,176,240,240,,,,,,,,,,
DHMC_0136.tif,acinar,0.5028,20,9,1,45815,32315,240,240,2.000052774,22907,16157,240,240,4.00031666,11453,8078,240,240,8.000982626,5726,4039,240,240,16.00394661,2863,2019,240,240,32.02141592,1431,1009,240,240,64.09699328,715,504,240,240,128.2837302,357,252,240,240,256.9279472,178,126,240,240,,,,,,,,,,
DHMC_0137.tif,micropapillary,0.5028,20,9,1,33864,30588,240,240,2,16932,15294,240,240,4,8466,7647,240,240,8.000523149,4233,3823,240,240,16.00503008,2116,1911,240,240,32.0184404,1058,955,240,240,64.07045452,529,477,240,240,128.3968678,264,238,240,240,256.7937357,132,119,240,240,,,,,,,,,,
DHMC_0138.tif,acinar,0.5028,20,9,1,37848,37116,240,240,2,18924,18558,240,240,4,9462,9279,240,240,8.000431127,4731,4639,240,240,16.00427865,2365,2319,240,240,32.02223166,1182,1159,240,240,64.07211804,591,579,240,240,128.3636854,295,289,240,240,257.6096939,147,144,240,240,,,,,,,,,,
DHMC_0139.tif,micropapillary,0.5028,20,9,1,49800,37115,240,240,2.000026944,24900,18557,240,240,4.000161673,12450,9278,240,240,8.000323346,6225,4639,240,240,16.00365706,3112,2319,240,240,32.01421867,1556,1159,240,240,64.0560913,778,579,240,240,128.2230855,389,289,240,240,257.2220432,194,144,240,240,,,,,,,,,,
DHMC_0140.tif,solid,0.5028,20,9,1,45815,35914,240,240,2.000021827,22907,17957,240,240,4.000242353,11453,8978,240,240,8.000834014,5726,4489,240,240,16.00345066,2863,2244,240,240,32.01249267,1431,1122,240,240,64.04737419,715,561,240,240,128.2988095,357,280,240,240,256.9581059,178,140,240,240,,,,,,,,,,
DHMC_0141.tif,papillary,0.5028,20,9,1,53783,41745,240,240,2.000042549,26891,20872,240,240,4.000159477,13445,10436,240,240,8.000616501,6722,5218,240,240,16.001233,3361,2609,240,240,32.01336364,1680,1304,240,240,64.02672729,840,652,240,240,128.0534546,420,326,240,240,256.1069091,210,163,240,240,,,,,,,,,,
DHMC_0142.tif,acinar,0.5028,20,9,1,31871,34206,240,240,2.000031377,15935,17103,240,240,4.000305222,7967,8551,240,240,8.001580489,3983,4275,240,240,16.00704257,1991,2137,240,240,32.02962283,995,1068,240,240,64.09147017,497,534,240,240,128.3122282,248,267,240,240,257.1060817,124,133,240,240,,,,,,,,,,
DHMC_0143.tif,solid,0.5028,20,9,1,43824,34048,240,240,2,21912,17024,240,240,4,10956,8512,240,240,8,5478,4256,240,240,16,2739,2128,240,240,32.00584368,1369,1064,240,240,64.03508772,684,532,240,240,128.0701754,342,266,240,240,256.1403509,171,133,240,240,,,,,,,,,,
